-- 아이콘 테이블 데이터 삽입
INSERT INTO ICON_TABLE (ICON_KEY, ICON, COLOR, VISIBLE) VALUES
  ('sunrise', 'Sunrise', '#FF9500', 0),
  ('moon', 'Moon', '#6A5ACD', 0),
  ('line-chart', 'LineChart', '#32CD32', 0),
  ('user-cog', 'UserCog', '#4A6FA5', 0),
  ('calendar-days', 'CalendarDays', '#8B4513', 0),
  ('briefcase', 'Briefcase', '#4A6FA5', 1),
  ('book', 'Book', '#6A5ACD', 0),
  ('store', 'Store', '#FF6B6B', 0),
  ('laptop', 'Laptop', '#4B0082', 1),
  ('library', 'Library', '#008080', 1),
  ('handHeart', 'HandHeart', '#FF4500', 0),
  ('utensils', 'UtensilsCrossed', '#DAA520', 0),
  ('wrench', 'Wrench', '#696969', 0),
  ('palette', 'Palette', '#9932CC', 0),
  ('monitor', 'MonitorSmartphone', '#1E90FF', 1),
  ('music', 'Music', '#8A2BE2', 1),
  ('trophy', 'Trophy', '#FFD700', 0),
  ('car', 'Car', '#4682B4', 1),
  ('baby', 'Baby', '#FF69B4', 1),
  ('plant', 'Leaf', '#228B22', 1),
  ('shopping', 'ShoppingBag', '#FF8C00', 1),
  ('building', 'Building', '#A52A2A', 0),
  ('camera', 'Camera', '#800080', 1),
  ('coffee', 'Coffee', '#8B4513', 0),
  ('construction', 'Construction', '#FF8C00', 1),
  ('dumbbell', 'Dumbbell', '#708090', 0),
  ('factory', 'Factory', '#CD5C5C', 1),
  ('flower2', 'Flower2', '#FF1493', 0),
  ('gamepad2', 'Gamepad2', '#32CD32', 1),
  ('home', 'Home', '#20B2AA', 1),
  ('hotel', 'Hotel', '#9370DB', 1),
  ('lightbulb', 'Lightbulb', '#FFA500', 1),
  ('mountain', 'Mountain', '#2F4F4F', 1),
  ('plane', 'Plane', '#00BFFF', 1),
  ('rocket', 'Rocket', '#DC143C', 1),
  ('shirt', 'Shirt', '#6495ED', 1),
  ('code', 'Code', '#1E90FF', 0),
  ('star', 'Star', '#8A2BE2', 0),
  ('shield', 'Shield', '#4A6FA5', 0),
  ('book-open', 'BookOpen', '#008080', 0),
  ('stethoscope', 'Stethoscope', '#FF4500', 0),
  ('scale', 'Scale', '#4A6FA5', 0),
  ('mic', 'Mic', '#8A2BE2', 0),
  ('pen-tool', 'PenTool', '#9932CC', 0),
  ('video', 'Video', '#800080', 0),
  ('more-horizontal', 'MoreHorizontal', '#696969', 0);

-- 직업 카테고리 데이터 삽입
INSERT INTO JOB_CATEGORY (JOB_NAME, ICON_KEY, VISIBLE, IS_DELETED) VALUES
  ('무직', 'coffee', 1, 0),
  ('학생', 'book', 1, 0),
  ('개발자', 'code', 1, 0),
  ('디자이너', 'pen-tool', 1, 0),
  ('크리에이터', 'video', 1, 0),
  ('연예인', 'star', 1, 0),
  ('가수', 'mic', 1, 0),
  ('엔지니어', 'wrench', 1, 0),
  ('공무원', 'building', 1, 0),
  ('교사', 'book-open', 1, 0),
  ('의사', 'stethoscope', 1, 0),
  ('변호사', 'scale', 1, 0),
  ('경찰', 'shield', 1, 0),
  ('간호사', 'handHeart', 1, 0),
  ('자영업자', 'store', 1, 0),
  ('요리사', 'utensils', 1, 0),
  ('운동선수', 'trophy', 1, 0),
  ('기타', 'more-horizontal', 1, 0),
  ('직접입력', NULL, 0, 0);

-- TOP메뉴 카테고리 대분류
INSERT INTO TOP_CATEGORY (PARENT_IDX, TOP_NAME, CATEGORY_LEVEL, ORD_COL) VALUES
(NULL, 'QnA 관리', 1, 1),
(NULL, '챌린지', 1, 2),
(NULL, 'FAQ', 1, 3),
(NULL, '공지사항', 1, 4),
(NULL, '루틴', 1, 5),
(NULL, '채팅', 1, 6),
(NULL, '사용자', 1, 7),
(NULL, '관리자', 1, 8);

-- TOP메뉴 카테고리 소분류
INSERT INTO TOP_CATEGORY (PARENT_IDX, TOP_NAME, TOP_ADDR, CATEGORY_LEVEL, ORD_COL) VALUES
(1, 'QnA 목록', '/qna/list', 2, 1),
(1, 'QnA 작성', '/qna/create', 2, 2),
(2, '챌린지 목록', '/challenge', 2, 1),
(2, '챌린지 작성', '/challenge/write', 2, 2),
(3, 'FAQ 목록', '/FAQ', 2, 1),
(3, 'FAQ 작성', '/FAQ/write', 2, 2),
(4, '공지사항 목록', '/notice/list', 2, 1),
(4, '공지사항 작성', '/notice/create', 2, 2),
(5, '루틴 목록', '/routine/list', 2, 1),
(5, '내 루틴', '/routine/mylist', 2, 2),
(5, '루틴 생성', '/routine/create', 2, 3),
(6, '채팅방', '/chat', 2, 1),
(6, '심플채팅', '/simplechat', 2, 2),
(7, '마이페이지', '/user/MyPage', 2, 1),
(8, '관리자 메인', '/adminBoard', 2, 1);

-- 목표 카테고리 데이터 삽입
INSERT INTO TARGET_CATEGORY (TARGET_NAME, ICON_KEY, IS_DELETED) VALUES
('미라클 모닝', 'sunrise', 0),
('꿀잠', 'moon', 0),
('다이어트/체중 관리', 'scale', 0),
('운동/피트니스', 'dumbbell', 0),
('공부/자기개발', 'book-open', 0),
('심신안정/명상', 'flower2', 0),
('능률 향상', 'line-chart', 0),
('창의력/취미', 'palette', 0),
('자기 관리', 'user-cog', 0),
('일반 계획', 'calendar-days', 0);

-- 챌린지 카테고리 데이터 삽입
INSERT INTO CHALL_CATEGORY (CHALL_NAME, ICON_KEY, IS_DELETED) VALUES
('전체', NULL, 0),
('다이어트', NULL, 0),
('자기계발', NULL, 0),
('취미/창작', NULL, 0),
('멘탈관리', NULL, 0),
('근력 운동', NULL, 0);

-- 권한 카테고리 데이터 삽입
INSERT INTO AUTHORITY_CATEGORY (AUTHORITY_NAME, AUTHORITY_DESCRIPTION) VALUES
('유저', '관리자 페이지 접근 불가'),
('인턴', '유저 관리 페이지 접근 가능'),
('매니저', '고객지원, 컨텐츠, 유저 관리 페이지 접근 가능'),
('고객서비스', '고객지원 페이지 접근 가능'),
('데이터베이스', '컴포넌트 페이지 접근 가능'),
('중간관리자', '계정 권한 제외 모든 페이지 접근 가능'),
('책임관리자', '모든 페이지 접근 가능');

-- FAQ 카테고리 데이터 삽입
INSERT INTO FAQ_CATEGORY (FAQ_CATEGORY_NAME) VALUES
('루틴 관련'),
('챌린지 관련'),
('계정 관련'),
('인증 관련');

-- QNA 카테고리 대분류
INSERT INTO QNA_CATEGORY (PARENT_IDX, CATEGORY_NAME, CATEGORY_LEVEL) VALUES
(NULL, '서비스 이용 관련', 1),
(NULL, '계정 및 개인정보', 1),
(NULL, '앱 오류 및 기술 문의', 1),
(NULL, '기타 문의', 1);

-- QNA 카테고리 소분류
INSERT INTO QNA_CATEGORY (PARENT_IDX, CATEGORY_NAME, CATEGORY_LEVEL) VALUES
(1, '루틴 작성/관리', 2),
(1, '루틴 공유', 2),
(1, '루틴 포크', 2),
(1, '챌린지 참여', 2),
(2, '계정 생성/관리', 2),
(2, '개인정보 보호', 2),
(3, '앱 사용 오류', 2),
(3, '데이터 동기화 문제', 2),
(4, '그 외', 2);

-- 유저 테이블 데이터 삽입(임시 유저)
INSERT INTO USER_TABLE (USER_NAME, USER_ID, USER_PW, USER_NICK, USER_EMAIL, USER_PHONE) VALUES
('홍길동', 'test1', '$2a$10$UpS3Rvd5yfxY5nm26P.hzeZo80TjGyfhEcGqy9aSvex3u1GpCZc1.', '길동이', 'test1@example.com', '010-1111-1111'),
('김철수', 'test2', '$2a$10$UpS3Rvd5yfxY5nm26P.hzeZo80TjGyfhEcGqy9aSvex3u1GpCZc1.', '철수짱', 'test2@example.com', '010-2222-2222'),
('이영희', 'test3', '$2a$10$UpS3Rvd5yfxY5nm26P.hzeZo80TjGyfhEcGqy9aSvex3u1GpCZc1.', '영희언니', 'test3@example.com', '010-3333-3333'),
('박민수', 'test4', '$2a$10$UpS3Rvd5yfxY5nm26P.hzeZo80TjGyfhEcGqy9aSvex3u1GpCZc1.', '민수맨', 'test4@example.com', '010-4444-4444'),
('최지현', 'test5', '$2a$10$UpS3Rvd5yfxY5nm26P.hzeZo80TjGyfhEcGqy9aSvex3u1GpCZc1.', '지현스타', 'test5@example.com', '010-5555-5555'),
('장예진', 'test6', '$2a$10$UpS3Rvd5yfxY5nm26P.hzeZo80TjGyfhEcGqy9aSvex3u1GpCZc1.', '예진쓰', 'test6@example.com', '010-6666-6666'),
('조민정', 'test7', '$2a$10$UpS3Rvd5yfxY5nm26P.hzeZo80TjGyfhEcGqy9aSvex3u1GpCZc1.', '민정e', 'test7@example.com', '010-7777-7777'),
('윤지후', 'test8', '$2a$10$UpS3Rvd5yfxY5nm26P.hzeZo80TjGyfhEcGqy9aSvex3u1GpCZc1.', '지후남', 'test8@example.com', '010-8888-8888'),
('한소라', 'test9', '$2a$10$UpS3Rvd5yfxY5nm26P.hzeZo80TjGyfhEcGqy9aSvex3u1GpCZc1.', '소라링', 'test9@example.com', '010-9999-9999'),
('정대호', 'test10', '$2a$10$UpS3Rvd5yfxY5nm26P.hzeZo80TjGyfhEcGqy9aSvex3u1GpCZc1.', '대호킹', 'test10@example.com', '010-0000-0000');

-- 유저 테이블 데이터 삽입(관리자 계정)
INSERT INTO USER_TABLE (USER_NAME, USER_ID, USER_PW, USER_NICK, USER_EMAIL, USER_PHONE, AUTHORITY_IDX) VALUES
('인턴1', 'admin21', '$2a$10$cDdD2Ti7LTzUFTAUycIpMuoGehGWw.8YlSm0KMActKOGLEaHQaaES', '인턴1', 'admin21@example.com', '010-1111-1111', 2),
('인턴2', 'admin22', '$2a$10$cDdD2Ti7LTzUFTAUycIpMuoGehGWw.8YlSm0KMActKOGLEaHQaaES', '인턴2', 'admin22@example.com', '010-2222-2222', 2),
('매니저1', 'admin31', '$2a$10$VlvxVRqV4//lChwA./7LbOjqXoHtTJ9RcYzrXEsSbVAmMRiQpGfAS', '매니저1', 'admin31@example.com', '010-3333-3333', 3),
('매니저2', 'admin32', '$2a$10$.l/h4VHBnSwnVyElgHuwSub3WVkjDHf03rcNjqiNJLRxr0z99H56y', '매니저2', 'admin32@example.com', '010-4444-4444', 3),
('고객서비스1', 'admin41', '$2a$10$SgfttDdOOmr1ujfLFaVXF.1lclOkXoL5IJAACepnlOeVvwUk6xsfu', '상담원1', 'admin41@example.com', '010-5555-5555', 4),
('고객서비스2', 'admin42', '$2a$10$v3LH0FesasHQqra3PEZUWeM.FYF2E/7URxVt.kXf3i3aA7Qy2tb5e', '상담원2', 'admin42@example.com', '010-6666-6666', 4),
('데이터베이스1', 'admin51', '$2a$10$Nu3afHuY2WGUXgtrZNA45uluIZBxI272.BslP/n4bUBUjAq77he0G', '데이터1', 'admin51@example.com', '010-7777-7777', 5),
('데이터베이스2', 'admin52', '$2a$10$yb0FxwLrWthkxGA2Wd/d/uTb0dqKeuhoXN82NZ/uCMA4n/r.o81ku', '데이터2', 'admin52@example.com', '010-8888-8888', 5),
('중간관리자1', 'admin61', '$2a$10$awOWZZj9cWoy9GFVYuqOquhBE6WXYNGEII.UCth2DkIhjxxXO714C', '중간관리1', 'admin61@example.com', '010-9999-9999', 6),
('중간관리자2', 'admin62', '$2a$10$IbwFDs84Z7zjeEHzgUrzMOnuD91SvsVbd0I4N7NP8k.8lAlvA38ee', '중간관리2', 'admin62@example.com', '010-0000-0000', 6),
('책임관리자1', 'admin7', '$2a$10$mnZ7fFmMNAIj4LHXYB6X3.1RlEeavFcVfFYzRNbMuUGCFPWmwEL3m', '책임관리1', 'admin7@example.com', '010-9999-9999', 7);


-- 유저 레벨 데이터 삽입
INSERT INTO USER_LEVEL (MIN_EXP, MAX_EXP) VALUES
(0, 250),
(250, 500),
(500, 750),
(750, 1000),
(1000, 1500),
(1500, 2500),
(2500, 3500),
(3500, 4500),
(4500, 5500),
(5500, 7000),
(7000, 10000),
(10000, 13000),
(13000, 16000),
(16000, 19000),
(19000, 22000),
(22000, 25000),
(25000, 30000),
(30000, 35000),
(35000, 40000),
(40000, 50000),
(50000, 60000),
(60000, 70000),
(70000, 80000),
(80000, 90000),
(90000, 100000),
(100000, 120000),
(120000, 140000),
(140000, 160000),
(160000, 180000),
(180000, 200000),
(200000, 250000),
(250000, 300000),
(300000, 350000),
(350000, 400000),
(400000, 450000),
(450000, 500000),
(500000, 600000),
(600000, 700000),
(700000, 800000),
(800000, 900000),
(900000, 1000000),
(1000000, 1100000),
(1100000, 1200000),
(1200000, 1300000),
(1300000, 1400000),
(1400000, 1500000),
(1500000, 1600000),
(1600000, 1700000),
(1700000, 1800000),
(1800000, 1900000),
(1900000, 2000000),
(2000000, 2100000),
(2100000, 2200000),
(2200000, 2300000),
(2300000, 2400000),
(2400000, 2500000),
(2500000, 2600000),
(2600000, 2700000),
(2700000, 2800000),
(2800000, 2900000),
(2900000, 3000000),
(3000000, 3200000),
(3200000, 3400000),
(3400000, 3600000),
(3600000, 3800000),
(3800000, 4000000),
(4000000, 4200000),
(4200000, 4400000),
(4400000, 4600000),
(4600000, 4800000),
(4800000, 5000000),
(5000000, 5200000),
(5200000, 5400000),
(5400000, 5600000),
(5600000, 5800000),
(5800000, 6000000),
(6000000, 6200000),
(6200000, 6400000),
(6400000, 6600000),
(6600000, 6800000),
(6800000, 7000000),
(7000000, 7200000),
(7200000, 7400000),
(7400000, 7600000),
(7600000, 7800000),
(7800000, 8000000),
(8000000, 8200000),
(8200000, 8400000),
(8400000, 8600000),
(8600000, 8800000),
(8800000, 9000000),
(9000000, 9200000),
(9200000, 9400000),
(9400000, 9600000),
(9600000, 9800000),
(9800000, 10000000),
(10000000, 10200000),
(10200000, 10400000),
(10400000, 10600000),
(10600000, 10800000),
(10800000, 11000000);


-- FAQ 데이터 삽입
INSERT INTO FAQ_TABLE (FAQ_TITLE, FAQ_ANSWER, FAQ_CATEGORY) VALUES
('루틴은 어떻게 관리하나요?', '루틴은 계획, 인증, 공유 총 3단계로 나뉩니다. 먼저 나만의 루틴을 만들기 위해 계획하고 루틴 시간표를 만듭니다. 그 후 본인의 루틴에 맞게 생활하고 인증을 해주세요! 인증을 꾸준히 할 수록 나만의 레벨도 올라가고, 다른 사람들과 얼만큼 성장했는지 공유 해보세요!', 1),
('챌린지 참여 후 하지 못했을 때는 어떻게 하죠?', '챌린지는 인원제한, 시간 제한 등 여러 제약이 있습니다. 챌린지를 참여하고, 실천하는 것 모두 본인 자유이지만 "나"로 인해 챌린지에 같이 참여한 사람들이 클리어를 못할 수도 있습니다.. 별도 패널티는 없지만 챌린지를 통해 실천과 목표 의지의 중요성을 경험해보세요!', 2),
('아이디를 까먹었어요.', '아이디를 까먹으셨을 경우 회원가입 시 입력한 이메일 주소를 통해 아이디를 찾으실 수 있습니다. 로그인 페이지에서 아이디 찾기를 통해 찾으실 수 있습니다.', 3),
('루틴이나 챌린지 인증은 어떻게 하죠?', '루틴 혹은 챌린지 인증은 별도 코어 타임 없이 인증하기 버튼을 누르면 인증 처리 됩니다. 고객님의 양심과 의지를 통해 인증이 이루어지니 부담 갖지 마시고 활발히 인증해주세요!', 4);

-- 공지사항 테이블 데이터 삽입
INSERT INTO NOTICE_TABLE (NOTICE_TITLE, NOTICE_SUB, USER_IDX, IS_POPUP, POPUP_START_DATE, POPUP_END_DATE) VALUES
('서버 점검 (25/07/13 00:00:00 ~ 25/07/13 01:00:00)', '다음 주 7/13 00시 부터 1시간 동안 서버 점검이 있을 예정입니다. 서버 점검시 특정 서비스가 제대로 동작하지 않을 가능성이 있으니 양해부탁드립니다.', 13, 'Y', CURRENT_TIMESTAMP, CURRENT_TIMESTAMP + 7),
('챌린지 오류로 인한 보상 안내', '챌린지를 정상 진행했음에도 클리어 처리가 되지 않아 불편을 겪으신 분들이 있습니다. 죄송합니다. 보상으로 해당 분들에게 소정의 상품을 드립니다.', 13, 'N', NULL, NULL);

-- 불꽃 등급 테이블 데이터 삽입
INSERT INTO FIRE_TABLE (MIN_EXP, MAX_EXP, FIRE_NAME, FIRE_COLOR, FIRE_EFFECT) VALUES
(0, 49, '빨강 1등급', '#FFCCCC', NULL),
(50, 119, '빨강 2등급', '#FF9999', NULL),
(120, 209, '빨강 3등급', '#FF6666', NULL),
(210, 319, '빨강 4등급', '#FF3333', NULL),
(320, 449, '빨강 5등급', '#FF0000', NULL),
(450, 599, '빨강 6등급', '#CC0000', NULL),
(600, 779, '빨강 7등급', '#990000', NULL),
(780, 949, '주황 1등급', '#FFCC99', NULL),
(950, 1149, '주황 2등급', '#FF9966', NULL),
(1150, 1399, '주황 3등급', '#FF6633', NULL),
(1400, 1699, '주황 4등급', '#FF3300', NULL),
(1700, 2049, '주황 5등급', '#CC3300', NULL),
(2050, 2449, '주황 6등급', '#993300', NULL),
(2450, 2899, '주황 7등급', '#662200', NULL),
(2900, 3199, '노랑 1등급', '#FFEB99', NULL),
(3200, 3549, '노랑 2등급', '#FFE066', NULL),
(3550, 3949, '노랑 3등급', '#FFD633', NULL),
(3950, 4399, '노랑 4등급', '#FFCC00', NULL),
(4400, 4899, '노랑 5등급', '#E6B800', NULL),
(4900, 5449, '노랑 6등급', '#CC9900', NULL),
(5450, 6049, '노랑 7등급', '#B38F00', NULL),
(6050, 6599, '초록 1등급', '#A7F7A7', NULL),
(6600, 7199, '초록 2등급', '#96F096', NULL),
(7200, 7849, '초록 3등급', '#86E686', NULL),
(7850, 8549, '초록 4등급', '#75D975', NULL),
(8550, 9299, '초록 5등급', '#64D164', NULL),
(9300, 10099, '초록 6등급', '#53C653', NULL),
(10100, 10999, '초록 7등급', '#42BC42', NULL),
(11000, 11799, '파랑 1등급', '#A7C7F7', NULL),
(11800, 12699, '파랑 2등급', '#96B8F2', NULL),
(12700, 13699, '파랑 3등급', '#86A9EE', NULL),
(13700, 14799, '파랑 4등급', '#75A2EA', NULL),
(14800, 15999, '파랑 5등급', '#649CE6', NULL),
(16000, 17299, '파랑 6등급', '#5385E1', NULL),
(17300, 18749, '파랑 7등급', '#4276DD', NULL),
(18750, 20249, '남색 1등급', '#A7A7F7', NULL),
(20250, 21849, '남색 2등급', '#96A1F2', NULL),
(21850, 23549, '남색 3등급', '#868AE8', NULL),
(23550, 25349, '남색 4등급', '#7583DD', NULL),
(25350, 27249, '남색 5등급', '#647CDF', NULL),
(27250, 29249, '남색 6등급', '#5366D0', NULL),
(29250, 31399, '남색 7등급', '#4258C1', NULL),
(31400, 33599, '보라 1등급', '#A7A7F2', NULL),
(33600, 35949, '보라 2등급', '#9B82F0', NULL),
(35950, 38449, '보라 3등급', '#8F5DF1', NULL),
(38450, 41099, '보라 4등급', '#8349F2', NULL),
(41100, 43899, '보라 5등급', '#7833F0', NULL),
(43900, 46849, '보라 6등급', '#6D1EF0', NULL),
(46850, 50099, '보라 7등급', '#6200F1', NULL),
(50100, 53499, '최종 1등급', '#B8A7B5', NULL),
(53500, 57149, '최종 2등급', '#C7A9C1', NULL),
(57150, 61049, '최종 3등급', '#D7A2CC', NULL),
(61050, 65199, '최종 4등급', '#E38FD2', NULL),
(65200, 69599, '최종 5등급', '#EE77D6', NULL),
(69600, 74249, '최종 6등급', '#EB33C6', NULL),
(74250, 79199, '최종 7등급', '#FD04CC', NULL);

COMMIT;
